c_resid,unit,nace_r2,geo\time	2008 	2009 	2010 	2011 	2012 	2013 	2014 	2015 	2016 	2017 	2018 	2019 
TOTAL,NR,I551,AT	82365002 	80071282 	81343969 	82326827 	85121684 	85772040 	85311355 	87266234 	90084612 	91612341 	93890819 	95267629 
TOTAL,NR,I551,BE	16541313 	15937184 	17023250 	17965749 	17874797 	18149913 	19007946 	19082399 	17183395 	18944870 	20282489 	20794744 
TOTAL,NR,I551,BG	17010733 	14053533 	15002344 	17453606 	18682232 	19914364 	19983192 	19655141 	23319531 	24071291 	24749821 	24922811 
TOTAL,NR,I551,CH	37333769 	35588893 	36207812 	35486256 	34766273 	35623883 	35933512 	35628476 	35532576 	: 	: 	: 
TOTAL,NR,I551,CY	14309660 	12807922 	13599262 	14087844 	14546723 	14022197 	13689509 	13371967 	15347243 	16775825 	17161870 	17571292 
TOTAL,NR,I551,CZ	27426840 	25340559 	26358475 	27879842 	31846123 	31896519 	31686694 	34260442 	36492739 	39590202 	40942418 	42008870 
TOTAL,NR,I551,DE	218245816 	216228179 	228302402 	240781770 	250090725 	254821434 	263158333 	272017614 	279596765 	288759266 	297554891 	306848903 
TOTAL,NR,I551,DK	10830961 	9965570 	10938665 	11878769 	12400183 	12881674 	13780467 	14402049 	15008216 	15546971 	16076435 	17067618 
TOTAL,NR,I551,EA	1256738331 	1206144741 	1250009830 	1313399078 	1311359922 	: 	1369714010 	1416418357 	1467142175 	1530897933 e	1559011350 e	1601557555 
TOTAL,NR,I551,EE	3846882 	3498961 	4028095 	4594803 	4649250 	4757244 	4805892 	4747051 	5054025 	5267045 	5328351 	5541070 
TOTAL,NR,I551,EL	64073727 	64292443 	65059095 	69138050 	63054739 	70065554 	73951641 	76772113 	79885024 	87628373 	89905217 	109206980 
TOTAL,NR,I551,ES	268429910 	250984815 	267147471 	286743027 	280659549 	286030160 	295260630 	308235728 	331168945 	340577818 	339980928 	342995595 
TOTAL,NR,I551,EU27_2007	1573189769 	1510954272 	1551964689 	1617868415 	1643401436 	1683751789 	1717501032 e	1780712940 	1855618693 	1945068546 e	1986646515 e	2045240113 e
TOTAL,NR,I551,EU27_2020	1429087297 	1363836741 	1416019293 	1487470132 	1495396257 	: 	1560279981 	1620182624 	1688835999 	1764883605 e	1803198668 e	1854829860 
TOTAL,NR,I551,EU28	1593740518 	1529561249 	1571309389 	1638335337 	1664539415 	1704845325 	1738505094 e	1802869284 	1878881539 	1969605088 e	2011985861 e	2071144906 e
TOTAL,NR,I551,FI	16106765 	15127271 	15737411 	16366512 	16666515 	16361416 	15965905 	16141102 	16628662 	17779519 	18001174 	18759853 
TOTAL,NR,I551,FR	202280491 	191741154 	195906121 	201970247 	201900781 	205100470 	201894087 	205666832 	203877048 	214274813 	219468088 	219255965 
TOTAL,NR,I551,HR	20550749 	18606977 	19344700 	20466922 	21137979 	21093536 	21004062 	22156344 	23262846 	24536542 	25339346 	25904793 
TOTAL,NR,I551,HU	16282786 	14974811 	15617365 	16189141 	17997910 	18964305 	20072124 	21218091 	22738655 	24306649 	25395654 	25807181 
TOTAL,NR,I551,IE	27847000 u	24122856 u	22537019 u	23385839 u	23860267 e	23384649 e	23782525 e	25445116 e	26264513 e	: 	: 	29530645 e
TOTAL,NR,I551,IS	1946255 	1939667 	2025045 	2280324 	2465089 	2833770 	3287161 	4108890 	5169466 	: 	: 	5791675 
TOTAL,NR,I551,IT	251678307 	246618107 	251098476 	259910852 	255610143 	254759348 	254941435 	263009954 	267675213 	275133547 	279470236 	280937897 
TOTAL,NR,I551,LI	134495 	121568 	115051 	117384 	114852 	113197 	109972 	91541 	109416 	127232 	136066 	149598 
TOTAL,NR,I551,LT	2601806 	2077528 	2363109 	2836622 	3170195 	3399515 	3543426 	3613389 	3835278 	4080752 	4440419 	4818166 
TOTAL,NR,I551,LU	1374775 	1281588 	1251804 	1377456 	1541786 	1569926 	1698773 	1738110 	1753464 	1693749 	1714113 	1654054 
TOTAL,NR,I551,LV	2854597 	2187047 	2460478 	2826411 	2842382 	2954395 	3307837 	3374068 	3547571 	3845346 	4216469 	4318094 
TOTAL,NR,I551,ME	: 	: 	: 	2968719 	2976279 	: 	: 	2856024 	3124839 	3461580 	: 	: 
TOTAL,NR,I551,MK	751451 	736032 	704508 	903222 	965575 	1036348 	1083730 	1241767 	1293102 	1537559 	1880077 	1975258 
TOTAL,NR,I551,MT	7750940 	6740299 	7416254 	7529165 	7676434 	8265375 	8532592 	8673355 	8700431 	9309675 	9802418 	9600059 
TOTAL,NR,I551,NL	32618500 	31481000 	33707500 	34575600 	34975562 	37389949 	39863690 	41617478 	44589977 	48872828 	51610598 	54402830 
TOTAL,NR,I551,NO	18199088 	17631879 	18376706 	19203237 	19803632 	19775352 	20588727 	21538542 	22483596 	: 	: 	: 
TOTAL,NR,I551,PL	25239601 	24514451 	27140757 	29182344 	30890664 	32734159 	35649237 	38804814 	44323448 	47137998 	50429973 	53717139 
TOTAL,NR,I551,PT	39227938 	36457069 	37391291 	39440315 	39681040 	42507098 	47450257 	50627129 	55258227 	59534386 	58700513 	59946819 
TOTAL,NR,I551,RO	19831404 	16514083 	15417560 	17367337 	16502576 	16537621 	17316583 	19749508 	21232963 	22241911 	23335367 	24328701 
TOTAL,NR,I551,RS	: 	: 	: 	: 	3945932 	3985666 	3857582 	4373138 	4985238 	: 	: 	: 
TOTAL,NR,I551,SE	25872607 	25958480 	27337915 	27990060 	28566091 	29432574 	31073612 	33517878 	35315426 	36554108 	37918304 	39515192 
TOTAL,NR,I551,SI	6225879 	5918377 	5853329 	6184598 	6195576 	6174738 	6239202 	6592149 	7081194 	7751074 	: 	8263114 
TOTAL,NR,I551,SK	7662308 	6335195 	6635176 	7020424 	7254352 	7680041 	7308975 	8426569 	9610588 	10117733 	10456538 	11843846 
TOTAL,NR,I551,TR	: 	: 	: 	: 	: 	122628319 	129712304 	133789181 	112190247 	: 	: 	: 
TOTAL,NR,I551,UK	164653221 	165724508 	155290096 	150865205 	169143158 	178225113 	: 	182686660 	190045540 	: 	: 	: 
TOTAL,NR,I551-I553,AT	104709683 	102833458 	103942335 	105339662 	109540720 	110687373 	110440776 	113365901 	117957253 	121126543 	125229170 	127890554 
TOTAL,NR,I551-I553,BE	29971839 	29250381 	30298026 	31379844 	31267441 	31448180 	32605681 	38380415 	36855214 	38677308 	41320284 	42512847 
TOTAL,NR,I551-I553,BG	18182923 	15277000 	16139116 	18656061 	20252038 	21617474 	21698391 	21397816 	25185996 	26054096 	26845013 	27154791 
TOTAL,NR,I551-I553,CH	: 	: 	: 	: 	: 	: 	: 	: 	50397026 	: 	: 	: 
TOTAL,NR,I551-I553,CY	14380375 	13003669 	13800788 	14284731 	14576573 	14048529 	13715342 	13374837 	15348884 	16780913 	17164182 	17573684 
TOTAL,NR,I551-I553,CZ	39283474 	36662192 	36908811 	38235088 	43278457 	43308279 	42946929 	47093906 	49696957 	53219395 	55513922 	57024767 
TOTAL,NR,I551-I553,DE	323876009 	314118544 	325439525 	339021466 	350349425 	354871005 	366527398 	378048084 	388851871 	401163218 	419556284 	436954848 
TOTAL,NR,I551-I553,DK	28027029 	26491463 	27146947 	28211086 	28040235 	28500837 	29646899 	30809340 	31896255 	32157794 	33280395 	34325625 
TOTAL,NR,I551-I553,EA	1896734695 e	1790250014 e	1897398002 e	1971452558 	1966339769 	: 	2060118179 	2137557468 	2209908934 	2319990585 e	2373413278 e	2445517436 
TOTAL,NR,I551-I553,EE	4602212 	4122526 	4700680 	5399392 	5544537 	5734033 	5809464 	5781870 	6228128 	6509299 	6630315 	6967047 
TOTAL,NR,I551-I553,EL	65624563 	85083505 e	84037675 e	87440009 e	80566672 e	89105445 	100763472 	106064266 	110020042 	119009014 	123087178 	143594467 
TOTAL,NR,I551-I553,ES	375693309 	348554453 	364863944 	389858477 	382670976 	389211987 	403963022 	422226376 	454957250 	471199729 	466940717 	469813551 
TOTAL,NR,I551-I553,EU27_2007	2379265598 e	2274376016 e	2360884988 e	2439021053 e	2523624789 	2577176820 e	2626905019 e	2880131010 	2984238068 	3145652167 e	3223393958 e	3325832072 e
TOTAL,NR,I551-I553,EU27_2020	2174320232 e	2051197630 e	2163685010 e	2247852506 e	2282244186 	: 	2385679467 	2486031982 	2585706081 	2718605125 e	2789628871 e	2874808576 
TOTAL,NR,I551-I553,EU28	2416307589 e	2311861725 e	2397856154 e	2478263920 e	2585808714 	2641595112 e	2696830277 e	2951470010 	3062062182 	3231747014 e	3312961611 e	3417010155 e
TOTAL,NR,I551-I553,FI	19465620 	18567338 	19248057 	19987871 	20317582 	20241057 	19786022 	19738123 	20343433 	21914154 	22235084 	23095660 
TOTAL,NR,I551-I553,FR	301042789 	294689672 	391222795 	401006928 	400525558 	408126035 	402315167 	410052887 	404763426 	433058728 	442760050 	446553868 
TOTAL,NR,I551-I553,HR	38532072 	37484621 	37009182 	39250790 	62183925 	64418292 	66124991 	71339000 	77824114 	86094847 	89567653 	91178083 
TOTAL,NR,I551-I553,HU	19974414 	18709746 	19030734 	19434914 	23169533 	24426148 	26053873 	27542898 	29291168 	31608719 	32830120 	33199961 
TOTAL,NR,I551-I553,IE	34873000 u	30567544 u	29282163 u	29417942 u	28884907 u	28286434 e	29166382 e	29710054 e	31105668 e	: 	: 	32580794 e
TOTAL,NR,I551-I553,IS	2673060 	2863922 	2937274 	3172441 	3719126 	4280685 	5489883 	6536277 	7808327 	: 	: 	8406451 
TOTAL,NR,I551-I553,IT	373666712 	370762377 	375542550 	386894732 	380711483 	376785615 	377770806 	392874070 	402962113 	420629155 	428844937 	436739271 
TOTAL,NR,I551-I553,LI	187306 	176340 	166835 	167120 	141042 	135303 	132272 	112484 	130816 	150624 	162161 	177586 
TOTAL,NR,I551-I553,LT	3249339 	2548114 	2792135 	3266858 	5741252 	6089056 	6465004 	6581192 	6992674 	7364924 	8091647 	8946758 
TOTAL,NR,I551-I553,LU	2432004 	2256166 	1859564 	2237724 	2543830 	2637481 	2867811 	2979464 	2955593 	2891628 	2920245 	2852274 
TOTAL,NR,I551-I553,LV	3501063 	2543111 	2834104 	3294232 	3546736 	3775192 	4158418 	4109910 	4416597 	4950929 	5368739 	5509682 
TOTAL,NR,I551-I553,ME	: 	: 	: 	3170519 	9151236 	: 	: 	11054947 	11250005 	3890370 b	: 	: 
TOTAL,NR,I551-I553,MK	1354266 	1313992 	1266095 	1435015 	1459771 	1499076 	1519013 	1640003 	1695084 	1975211 	2211589 	2294883 
TOTAL,NR,I551-I553,MT	7917563 	6903106 	7560834 	7681557 	7832229 	8501147 	8780948 	8915297 	8971191 	9580329 	10114196 	9911282 
TOTAL,NR,I551-I553,NL	84452200 	84516100 	84873200 	85368400 	84050408 	96074132 b	99751562 	103534302 	106212858 	111697814 	116081577 	123442571 
TOTAL,NR,I551-I553,NO	28567627 	28002088 	28518836 	29074313 	29914832 	29310429 	30614057 	31591222 	32974578 	: 	: 	: 
TOTAL,NR,I551-I553,PL	56645518 	55020067 	55794467 	57148253 	62014890 	62959452 	66579589 	71234421 	79393860 	83880915 	88860463 	93342738 
TOTAL,NR,I551-I553,PT	47328837 	44364742 	45035005 	46857858 	46781091 	49888259 	54979437 	59419938 	66014226 	72035786 	74407596 	77594254 
TOTAL,NR,I551-I553,RO	20725981 	17325410 	16051135 	17979439 	19091379 	19301768 	20230245 	23445286 	25274649 	26915573 	28461153 	29889894 
TOTAL,NR,I551-I553,RS	: 	: 	: 	: 	6359685 	6368597 	5954322 	6619439 	7502498 	: 	: 	: 
TOTAL,NR,I551-I553,SE	46540868 	47390976 	47900298 	48422673 	48585972 	49710427 	52280371 	55611847 	57234148 	58683201 	60856874 	63175281 
TOTAL,NR,I551-I553,SI	8870148 	8556122 	8424741 	8860328 	9406009 	9471571 	9470452 	10224207 	11057731 	12460084 	: 	15758691 
TOTAL,NR,I551-I553,SK	12259115 	10252657 	10240479 	10415637 	10770328 	11345641 	10781015 	12176275 	13894782 	14667937 	15188140 	17225333 
TOTAL,NR,I551-I553,TR	: 	: 	: 	: 	: 	122685184 	130029917 	133881306 	112545487 	: 	: 	: 
TOTAL,NR,I551-I553,UK	251505661 	262204519 	234263131 	230590553 	303564528 	: 	: 	465438028 	476356101 	: 	: 	: 
TOTAL,NR,I552,AT	17316992 	17696425 	17811173 	18044209 	19150091 b	19593528 	20022094 	20646643 	21941223 	23105878 	24388713 	25481639 
TOTAL,NR,I552,BE	10634584 	10236465 	10198572 	10336063 	10537475 b	10727791 	11021330 	16337156 	16900067 	16991695 	17813017 	18672763 
TOTAL,NR,I552,BG	1104286 	1201539 	1116401 	1152370 	1527737 b	1667694 	1683510 	1702845 	1809458 	1924465 	2031656 	2156300 
TOTAL,NR,I552,CH	: 	: 	: 	: 	: 	: 	: 	: 	12078242 	: 	: 	: 
TOTAL,NR,I552,CY	52547 	177167 	176379 	174260 	0 	0 	0 	0 	0 	0 	0 	0 
TOTAL,NR,I552,CZ	9438760 	8858611 	8460866 	8402357 	9359452 b	9199630 	9064783 	10270477 	10421513 	10656674 	11270512 	11593884 
TOTAL,NR,I552,DE	82622675 	72828530 	72727776 	73279540 	74250442 b	74049894 	75492571 	76810040 	78792745 	81352690 	87443599 	94349563 
TOTAL,NR,I552,DK	5027159 	4755871 	4759865 	5049720 	4962527 b	4815762 	4686584 	5335834 	5814131 	5899997 	6081084 	6221176 
TOTAL,NR,I552,EA	378614207 e	355941830 e	378961849 e	387320622 e	397021532 b	: 	425629750 	448646483 	465619928 	495287442 e	515210762 e	536051908 
TOTAL,NR,I552,EE	566197 	452469 	484623 	605156 	895287 b	976789 	1003572 	1034819 	1174103 	1231023 	1289685 	1410867 
TOTAL,NR,I552,EL	: 	19061235 e	17237304 e	16592135 e	16182257 e	17636256 	25373027 	27731924 	28517393 	29724695 	31517741 	32277564 
TOTAL,NR,I552,ES	76192950 	67050355 	66907279 	71445482 	70672814 b	71805482 	76392934 	79598908 	87146669 	91910107 	87801074 	86096498 
TOTAL,NR,I552,EU27_2007	460043777 e	437272226 e	458681931 e	468897222 e	537983642 b	547319266 e	559391715 e	743675583 	767399324 	818482572 e	846996834 e	879218051 e
TOTAL,NR,I552,EU27_2020	438449792 e	414916797 e	435066921 e	442351635 e	482894743 b	: 	513003561 	543984713 	569601476 	607945943 e	633911701 e	657975629 
TOTAL,NR,I552,EU28	463172916 e	441358939 e	462529362 e	472815471 e	562787848 b	573997660 e	591794212 e	775700158 	804476976 	860959303 e	891949834 e	925317365 e
TOTAL,NR,I552,FI	1214358 	1332026 	1401315 	1439145 	1649309 b	1807547 	1846246 	1768434 	1899084 	2343271 	2380860 	2426818 
TOTAL,NR,I552,FR	: 	: 	91482707 	92258587 	92942442 b	93607604 	90677821 	91510425 	88719953 	94813008 	98284623 	98696278 
TOTAL,NR,I552,HR	4631892 	5082192 	3871364 	3942759 	24804206 b	26678394 	28602230 	32024575 	37077652 	42476731 	44953000 	46099314 
TOTAL,NR,I552,HU	2109963 	2108385 	2088202 	2004990 	3593890 b	3831230 	4340336 	4593198 	4765694 	5335595 	5432344 	5364766 
TOTAL,NR,I552,IE	4318000 u	4135125 u	3410238 u	3659145 u	3856494 e	3840276 e	4337577 e	3227203 e	3807995 e	: 	: 	1469648 e
TOTAL,NR,I552,IS	284878 	355547 	668475 	636376 	682650 b	925686 	1256424 	1568600 	1701836 	: 	: 	1713311 
TOTAL,NR,I552,IT	56765269 	56697272 	58148681 	60121422 	68755439 b	68889280 	69928936 	76238055 	80972763 	88694426 	94751641 	101202774 
TOTAL,NR,I552,LI	38112 	39607 	36396 	35072 	24606 b	20136 	20738 	19517 	19785 	20508 	22312 	23301 
TOTAL,NR,I552,LT	577409 	405381 	376455 	372650 	2513257 b	2620310 	2849331 	2892599 	3089348 	3217972 	3539468 	3990037 
TOTAL,NR,I552,LU	250142 	235370 	120417 	219303 	225487 b	211382 	234547 	242502 	232496 	258660 	254271 	254191 
TOTAL,NR,I552,LV	400650 	255015 	250737 	325754 	545655 b	617135 	608341 	609272 	729828 	965955 	993379 	1024665 
TOTAL,NR,I552,ME	: 	: 	: 	: 	6149022 b	: 	: 	8177958 	8094839 	404148 b	: 	: 
TOTAL,NR,I552,MK	457397 	450436 	451247 	432487 	399363 b	389082 	377016 	356274 	362137 	381235 	273142 	264019 
TOTAL,NR,I552,MT	: 	: 	: 	: 	155795 b	235772 	248356 	241942 	270760 	270653 	311778 	311223 
TOTAL,NR,I552,NL	33022700 	32950400 	31868200 	31975800 	31661065 b	37624700 b	38400486 	40924196 	40711456 	43027147 	43723411 	47165013 
TOTAL,NR,I552,NO	1741441 	1834448 	1874131 	1791219 	1872346 b	2768245 	2835103 	2877962 	3000013 	: 	: 	: 
TOTAL,NR,I552,PL	30711005 	29863273 	28068489 	27419224 	30253405 b	29370334 	30080054 	31439557 	34004991 	35602119 	37172581 	38345003 
TOTAL,NR,I552,PT	1240695 	1157769 	1131516 	983144 	875018 b	1769275 b	1892099 	3010502 	4143747 	5925181 	8866275 	10705797 
TOTAL,NR,I552,RO	611715 	610585 	432654 	423992 	2328409 b	2541277 	2756523 	3438043 	3806974 	4401106 	4883220 	5230553 
TOTAL,NR,I552,RS	: 	: 	: 	: 	2379476 b	2347503 	2058879 	2204846 	2475104 	: 	: 	: 
TOTAL,NR,I552,SE	6330047 	6207126 	6237737 	5983973 	5984673 b	5781003 	6159791 	6533701 	6281135 	6361814 	6876542 	6912725 
TOTAL,NR,I552,SI	1356686 	1369125 	1400802 	1402072 	1913237 b	1993008 	2012301 	2287400 	2579736 	3019960 	: 	5458509 
TOTAL,NR,I552,SK	4249253 	3588627 	3382909 	3198768 	3298881 b	3442200 	3288181 	3534463 	3990562 	4239366 	4389298 	5058061 
TOTAL,NR,I552,UK	34229426 	33248364 	27617965 	30614499 	79893105 b	: u	: 	231715445 	234875500 	: 	: 	: 
TOTAL,NR,I552_I553,AT	22344681 	22762176 	22598366 	23012835 	24419036 b	24915333 	25129421 	26099667 	27872641 	29514202 	31338351 	32622925 
TOTAL,NR,I552_I553,BE	13430526 	13313197 	13274776 	13414095 	13392644 b	13298267 	13597735 	19298016 	19671819 	19732438 	21037795 	21718103 
TOTAL,NR,I552_I553,BG	1172190 	1223467 	1136772 	1202455 	1569806 b	1703110 	1715199 	1742675 	1866465 	1982805 	2095192 	2231980 
TOTAL,NR,I552_I553,CH	: 	: 	: 	: 	: 	: 	2672542 	: 	14864450 	: 	: 	: 
TOTAL,NR,I552_I553,CY	70715 	195747 	201526 	196887 	29851 b	26332 	25832 	2871 	1641 	5088 	2312 	2392 
TOTAL,NR,I552_I553,CZ	11856634 	11321633 	10550336 	10355246 	11432334 b	11411760 	11260235 	12833464 	13204218 	13629193 	14571504 	15015897 
TOTAL,NR,I552_I553,DE	105630193 	97890365 	97137123 	98239696 	100258700 b	100049571 	103369065 	106030470 	109255106 	112403952 	122001393 	130105945 
TOTAL,NR,I552_I553,DK	17196068 	16525893 	16208282 	16338737 	15640052 b	15619163 	15866432 	16407291 	16888039 	16610823 	17203960 	17258007 
TOTAL,NR,I552_I553,EA	639996364 e	626509479 e	648179558 e	660606804 e	654979848 b	: 	690404169 	721139110 	742766758 	789092649 e	814401927 e	843959885 
TOTAL,NR,I552_I553,EE	755330 	623565 	672585 	804589 	895287 b	976789 	1003572 	1034819 	1174103 	1242254 	1301964 	1425977 
TOTAL,NR,I552_I553,EL	1550836 	20070303 	18684725 	18413126 	17511933 e	19039891 	26811831 	29292153 	30135018 	31380641 	33181961 	34387487 
TOTAL,NR,I552_I553,ES	107263399 	97569638 	97716473 	103115450 	102011427 b	103181826 	108702393 	113990647 	123788305 	130621911 	126959788 	126817958 
TOTAL,NR,I552_I553,EU27_2007	806075829 e	803351013 e	809564252 e	821152638 e	880223354 b	893425028 e	909403986 e	1099418069 	1128619373 	1200583617 e	1236747441 e	1280591962 e
TOTAL,NR,I552_I553,EU27_2020	745232935 e	731557949 e	748420208 e	760382374 e	786847930 b	: 	825399486 	865849357 	896870081 	953721517 e	986430202 e	1019978720 
TOTAL,NR,I552_I553,EU28	822567071 e	821245619 e	827218405 e	839928583 e	921269300 b	936749784 e	958325182 e	1148600725 	1183180641 	1262141922 e	1300975748 e	1345865252 e
TOTAL,NR,I552_I553,FI	3358855 	3440067 	3510646 	3621359 	3651067 b	3879641 	3820117 	3597021 	3714771 	4134635 	4233910 	4335807 
TOTAL,NR,I552_I553,FR	98762298 	102948518 	195316674 	199036681 	198624777 b	203025566 	200421079 	204386055 	200886378 	218783915 	223291963 	227297904 
TOTAL,NR,I552_I553,HR	17981323 	18877644 	17664482 	18783868 	41045946 b	43324756 	45120929 	49182656 	54561268 	61558305 	64228307 	65273290 
TOTAL,NR,I552_I553,HU	3691628 	3734935 	3413369 	3245773 	5171623 b	5461843 	5981749 	6324807 	6552513 	7302070 	7434466 	7392780 
TOTAL,NR,I552_I553,IE	7026000 u	6444688 u	6745144 u	6032103 u	5024640 u	: u	5383858 e	4264938 e	4841155 e	: 	: 	3050149 e
TOTAL,NR,I552_I553,IS	726805 	924255 	912229 	892117 	1254037 b	1446915 	2202722 	2427387 	2638861 	: 	: 	2614776 
TOTAL,NR,I552_I553,IT	121988405 	124144270 	124444074 	126983880 	125101340 b	122026267 	122829371 	129864116 	135286900 	145495608 	149374701 	155801374 
TOTAL,NR,I552_I553,LI	52811 	54772 	51784 	49736 	26190 b	22106 	22300 	20943 	21400 	23392 	26095 	27988 
TOTAL,NR,I552_I553,LT	647533 	470586 	429026 	430236 	2571057 b	2689541 	2921578 	2967803 	3157396 	3284172 	3651228 	4128592 
TOTAL,NR,I552_I553,LU	1057229 	974578 	607760 	860268 	1002044 b	1067555 	1169038 	1241354 	1202129 	1197879 	1206132 	1198220 
TOTAL,NR,I552_I553,LV	646466 	356064 	373626 	467821 	704354 b	820797 	850581 	735842 	869026 	1105583 	1152270 	1191588 
TOTAL,NR,I552_I553,ME	: 	: 	: 	201800 	6174957 b	: 	: 	8198923 	8125166 	428790 b	: 	: 
TOTAL,NR,I552_I553,MK	602815 	577960 	561587 	531793 	494196 b	462728 	435283 	398236 	401982 	437652 	331512 	319625 
TOTAL,NR,I552_I553,MT	166623 	162807 	144580 	152392 	155795 b	235772 	248356 	241942 	270760 	270653 	311778 	311223 
TOTAL,NR,I552_I553,NL	51833700 	53035100 	51165700 	50792800 	49074847 b	58684183 b	59887872 	61916823 	61622880 	62824984 	64470979 	69039742 
TOTAL,NR,I552_I553,NO	10368539 	10370209 	10142130 	9871076 	10111200 b	9535077 	10025330 	10052680 	10490982 	: 	: 	: 
TOTAL,NR,I552_I553,PL	31405917 	30505616 	28653710 	27965909 	31124226 b	30225293 	30930352 	32429607 	35070412 	36742917 	38430490 	39625599 
TOTAL,NR,I552_I553,PT	8100899 	7907673 	7643714 	7417543 	7100051 b	7381161 b	7529180 	8792809 	10755999 	12501400 	15707083 	17647435 
TOTAL,NR,I552_I553,RO	894577 	811327 	633575 	612102 	2588803 b	2764147 	2913662 	3695778 	4041686 	4673662 	5125786 	5561193 
TOTAL,NR,I552_I553,RS	: 	: 	: 	: 	2413753 b	2382931 	2096740 	2246301 	2517260 	: 	: 	: 
TOTAL,NR,I552_I553,SE	20668261 	21432496 	20562383 	20432613 	20019881 b	20277853 	21206759 	22093969 	21918722 	22129093 	22938570 	23660089 
TOTAL,NR,I552_I553,SI	2644269 	2637745 	2571412 	2675730 	3210433 b	3296833 	3231250 	3632058 	3976537 	4709010 	: 	7495577 
TOTAL,NR,I552_I553,SK	4596807 	3917462 	3605303 	3395213 	3515976 b	3665600 	3472040 	3749706 	4284194 	4550204 	4731602 	5381487 
TOTAL,NR,I552_I553,UK	86852440 	96480011 	78973035 	79725348 	134421370 b	: u	: 	282751368 	286310560 	: 	: 	: 
TOTAL,NR,I553,AT	5027689 	5065751 	4787193 	4968626 	5268945 b	5321805 	5107327 	5453024 	5931418 	6408324 	6949638 	7141286 
TOTAL,NR,I553,BE	2795942 	3076732 	3076204 	3078032 	2855169 b	2570476 	2576405 	2960860 	2771752 	2740743 	3224778 	3045340 
TOTAL,NR,I553,BG	67904 	21928 	20371 	50085 	42069 b	35416 	31689 	39830 	57007 	58340 	63536 	75680 
TOTAL,NR,I553,CH	: 	3653874 	3280546 	3056585 	2964456 b	2864076 	2672542 	2657280 	2786208 	: 	: 	: 
TOTAL,NR,I553,CY	18168 	18580 	25147 	22627 	29851 b	26332 	25832 	2871 	1641 	5088 	2312 	2392 
TOTAL,NR,I553,CZ	2417874 	2463022 	2089470 	1952889 	2072882 b	2212130 	2195452 	2562987 	2782705 	2972519 	3300992 	3422013 
TOTAL,NR,I553,DE	23007518 	25061835 	24409347 	24960156 	26008258 b	25999677 	27876494 	29220430 	30462361 	31051262 	34557794 	35756382 
TOTAL,NR,I553,DK	12168909 	11770022 	11448417 	11289017 	10677525 b	10803401 	11179848 	11071457 	11073908 	10710826 	11122876 	11036831 
TOTAL,NR,I553,EA	261382157 e	270567649 e	269217709 e	273286183 e	257958316 b	: 	264774419 	272492627 	277146830 	293805207 e	299191166 e	307907977 
TOTAL,NR,I553,EE	189133 	171096 	187962 	199433 	0 	0 	0 	0 	0 	11231 	12279 	15110 
TOTAL,NR,I553,EL	1550836 	1729827 e	1741276 e	1709824 e	1329676 b	1403635 	1438804 	1560229 	1617625 	1655946 	1664220 	2109923 
TOTAL,NR,I553,ES	31070449 	30519284 	30809194 	31669966 	31338613 b	31376344 	32309459 	34391739 	36641636 	38711804 	39158714 	40721460 
TOTAL,NR,I553,EU27_2007	346032052 e	366078787 e	350882321 e	352255416 e	342239712 b	346105765 	350012271 e	355742486 	361220049 	382101044 e	389750608 e	401373911 e
TOTAL,NR,I553,EU27_2020	306783143 e	316641152 e	313353287 e	318030739 e	303953187 b	: 	312395925 	321864644 	327268605 	345775574 e	352518502 e	362003091 
TOTAL,NR,I553,EU28	359394155 e	379886680 e	364689044 e	367113112 e	358481452 b	362752127 	366530970 e	372900567 	378703665 	401182618 e	409025915 e	420547887 e
TOTAL,NR,I553,FI	2144497 	2108041 	2109331 	2182214 	2001758 b	2072094 	1973871 	1828587 	1815687 	1791364 	1853050 	1908989 
TOTAL,NR,I553,FR	98762298 	102948518 	103833966 	106778094 	105682335 b	109417961 	109743258 	112875630 	112166425 	123970907 	125007340 	128601626 
TOTAL,NR,I553,HR	13349431 	13795452 	13793118 	14841109 	16241740 b	16646362 	16518699 	17158081 	17483616 	19081574 	19275307 	19173976 
TOTAL,NR,I553,HU	1581665 	1626550 	1325167 	1240783 	1577733 b	1630613 	1641413 	1731609 	1786819 	1966475 	2002122 	2028014 
TOTAL,NR,I553,IE	2708000 u	2309563 u	3334905 u	2372958 u	1168147 u	: u	1046281 e	1037735 e	1033160 e	: 	: 	1580501 e
TOTAL,NR,I553,IS	441927 	568708 	243754 	255741 	571387 b	521229 	946298 	858787 	937025 	: 	: 	901465 
TOTAL,NR,I553,IT	65223136 	67446998 	66295393 	66862458 	56345901 b	53136987 	52900435 	53626061 	54314137 	56801182 	54623060 	54598600 
TOTAL,NR,I553,LI	14699 	15165 	15388 	14664 	1584 b	1970 	1562 	1426 	1615 	2884 	3783 	4687 
TOTAL,NR,I553,LT	70124 	65205 	52571 	57586 	57800 b	69231 	72247 	75204 	68048 	66200 	111760 	138555 
TOTAL,NR,I553,LU	807087 	739208 	487343 	640965 	776557 b	856173 	934491 	998852 	969633 	939219 	951861 	944029 
TOTAL,NR,I553,LV	245816 	101049 	122889 	142067 	158699 b	203662 	242240 	126570 	139198 	139628 	158891 	166923 
TOTAL,NR,I553,ME	: 	: 	: 	: 	25935 b	: 	: 	20965 	30327 	24642 	: 	: 
TOTAL,NR,I553,MK	145418 	127524 	110340 	99306 	94833 b	73646 	58267 	41962 	39845 	56417 	58370 	55606 
TOTAL,NR,I553,MT	: 	: 	: 	: 	0 	0 	0 	0 	0 	0 	0 	0 
TOTAL,NR,I553,NL	18810900 	20084600 	19297400 	18817000 	17413782 b	21059483 b	21487386 	20992627 	20911424 	19797837 	20747568 	21874729 
TOTAL,NR,I553,NO	8627098 	8535761 	8267999 	8079857 	8238854 b	6766832 	7190227 	7174718 	7490969 	: 	: 	: 
TOTAL,NR,I553,PL	694912 	642343 	585221 	546685 	870821 b	854959 	850298 	990050 	1065421 	1140798 	1257909 	1280596 
TOTAL,NR,I553,PT	6746876 	6749904 	6512198 	6434399 	6225033 b	5611886 	5637081 	5782307 	6612252 	6576219 	6840808 	6941638 
TOTAL,NR,I553,RO	282862 	200742 	200921 	188110 	260394 b	222870 	157139 	257735 	234712 	272556 	242566 	330640 
TOTAL,NR,I553,RS	: 	: 	: 	: 	34277 b	35428 	37861 	41455 	42156 	: 	: 	: 
TOTAL,NR,I553,SE	14338214 	15225370 	14324646 	14448640 	14035208 b	14496850 	15046968 	15560268 	15637587 	15767279 	16062028 	16747364 
TOTAL,NR,I553,SI	1287583 	1268620 	1170610 	1273658 	1297196 b	1303825 	1218949 	1344658 	1396801 	1689050 	: 	2037068 
TOTAL,NR,I553,SK	347554 	328835 	222394 	196445 	217095 b	223400 	183859 	215243 	293632 	310838 	342304 	323426 
TOTAL,NR,I553,TR	: 	: 	: 	: 	: 	56865 	317613 	92125 	355240 	: 	: 	: 
TOTAL,NR,I553,UK	52623014 	63231642 	51355072 	49110847 	54528265 b	54135045 	: 	51035923 	51435060 	: 	: 	: 
